,mean,std
Logistic Regression,0.9468432871325245,0.005654335013234416
Decision Tree (depth=4),0.9611531940572778,0.005832599379261187
XGBoost (your model),0.9737623682167769,0.0025631924981513966
